policy,w_latency,seed,expected_reward,normalized_score,success_prob,latency_s,timeout_prob
random,0.0,1,0.4895464393539334,0.0,0.594412120282597,1.2744869698788976,0.10486568092866361
latency_greedy,0.0,1,0.3054423615400844,-1.1322697395799077,0.4487494404535776,0.9619313496143533,0.14330707891349326
quality_greedy,0.0,1,0.6514995888089725,0.9960379614351429,0.7339368143443794,1.4147305759814748,0.08243722553540692
reliability_greedy,0.0,1,0.6281264843258066,0.8522896032206817,0.69057768551682,1.482919995015646,0.06245120119101329
oracle,0.0,1,0.6521438058455565,1.0,0.7340139159818186,1.4223035476630899,0.081870110136262
qwen_zeroshot,0.0,1,0.41048618258164593,-0.48623331655473373,0.5289251116593798,1.1913697325529322,0.11843892907773387
grpo_rl,0.0,1,0.6514995888089725,0.9960379614351429,0.7339368143443794,1.4147305759814748,0.08243722553540692
random,0.0,2,0.46388814606363454,0.0,0.5913884195984218,1.2685367128810068,0.12750027353478732
latency_greedy,0.0,2,0.34213065371241225,-0.5679747078975101,0.536293951115179,0.9645489001864738,0.1941632974027668
quality_greedy,0.0,2,0.6782594739735266,1.0,0.7408651806299836,1.6013040191565664,0.06260570665645689
reliability_greedy,0.0,2,0.662173381640708,0.9249615492442156,0.7124207491559243,1.6539001381517142,0.050247367515216315
oracle,0.0,2,0.6782594739735266,1.0,0.7408651806299836,1.6013040191565664,0.06260570665645689
qwen_zeroshot,0.0,2,0.4609835794696221,-0.013549230777883416,0.6100779597951864,1.1594752384058988,0.14909438032556438
grpo_rl,0.0,2,0.6782594739735266,1.0,0.7408651806299836,1.6013040191565664,0.06260570665645689
random,0.1,1,0.3620977423660437,0.0,0.594412120282597,1.2744869698788976,0.10486568092866361
latency_greedy,0.1,1,0.20924922657864903,-1.0332574002736923,0.4487494404535776,0.9619313496143533,0.14330707891349326
quality_greedy,0.1,1,0.510026531210825,1.0,0.7339368143443794,1.4147305759814748,0.08243722553540692
reliability_greedy,0.1,1,0.479834484824242,0.7959014832585233,0.69057768551682,1.482919995015646,0.06245120119101329
oracle,0.1,1,0.510026531210825,1.0,0.7339368143443794,1.4147305759814748,0.08243722553540692
qwen_zeroshot,0.1,1,0.2913492093263527,-0.4782607468917088,0.5289251116593798,1.1913697325529322,0.11843892907773387
grpo_rl,0.1,1,0.5097138560638256,0.9978863130737352,0.7336313835085189,1.4139962929386964,0.08251789815082361
random,0.1,2,0.33703447477553383,0.0,0.5913884195984218,1.2685367128810068,0.12750027353478732
latency_greedy,0.1,2,0.24567576369376487,-0.5044805999338339,0.536293951115179,0.9645489001864738,0.1941632974027668
quality_greedy,0.1,2,0.51812907205787,1.0,0.7408651806299836,1.6013040191565664,0.06260570665645689
reliability_greedy,0.1,2,0.49678336782553656,0.8821295358742575,0.7124207491559243,1.6539001381517142,0.050247367515216315
oracle,0.1,2,0.51812907205787,1.0,0.7408651806299836,1.6013040191565664,0.06260570665645689
qwen_zeroshot,0.1,2,0.34503605562903217,0.044184536554800945,0.6100779597951864,1.1594752384058988,0.14909438032556438
grpo_rl,0.1,2,0.5163620855553683,0.9902427431352533,0.7354737939344497,1.5599702514664722,0.0631146832324341
random,0.2,1,0.2346490453781539,0.0,0.594412120282597,1.2744869698788976,0.10486568092866361
latency_greedy,0.2,1,0.11305609161721371,-0.9080577495762813,0.4487494404535776,0.9619313496143533,0.14330707891349326
quality_greedy,0.2,1,0.36855347361267754,1.0,0.7339368143443794,1.4147305759814748,0.08243722553540692
reliability_greedy,0.2,1,0.3315424853226774,0.7236014612961256,0.69057768551682,1.482919995015646,0.06245120119101329
oracle,0.2,1,0.36855347361267754,1.0,0.7339368143443794,1.4147305759814748,0.08243722553540692
qwen_zeroshot,0.2,1,0.17221223607105957,-0.4662788985420326,0.5289251116593798,1.1913697325529322,0.11843892907773387
grpo_rl,0.2,1,0.36855347361267754,1.0,0.7339368143443794,1.4147305759814748,0.08243722553540692
random,0.2,2,0.2101808034874332,0.0,0.5913884195984218,1.2685367128810068,0.12750027353478732
latency_greedy,0.2,2,0.1492208736751175,-0.4059009317086079,0.536293951115179,0.9645489001864738,0.1941632974027668
quality_greedy,0.2,2,0.35799867014221337,0.9842434199494825,0.7408651806299836,1.6013040191565664,0.06260570665645689
reliability_greedy,0.2,2,0.3313933540103651,0.8070922545927023,0.7124207491559243,1.6539001381517142,0.050247367515216315
oracle,0.2,2,0.3603650604087211,1.0,0.7354737939344497,1.5599702514664722,0.0631146832324341
qwen_zeroshot,0.2,2,0.22908853178844232,0.12589687287209286,0.6100779597951864,1.1594752384058988,0.14909438032556438
grpo_rl,0.2,2,0.3603650604087211,1.0,0.7354737939344497,1.5599702514664722,0.0631146832324341
random,0.3,1,0.10720034839026414,0.0,0.594412120282597,1.2744869698788976,0.10486568092866361
latency_greedy,0.3,1,0.01686295665577839,-0.7535647378647273,0.4487494404535776,0.9619313496143533,0.14330707891349326
quality_greedy,0.3,1,0.22708041601453008,1.0,0.7339368143443794,1.4147305759814748,0.08243722553540692
reliability_greedy,0.3,1,0.18325048582111286,0.6343851729314071,0.69057768551682,1.482919995015646,0.06245120119101329
oracle,0.3,1,0.22708041601453008,1.0,0.7339368143443794,1.4147305759814748,0.08243722553540692
qwen_zeroshot,0.3,1,0.053075262815766314,-0.451493618973751,0.5289251116593798,1.1913697325529322,0.11843892907773387
grpo_rl,0.3,1,0.22333712902891967,0.9687747341172446,0.7124342674831744,1.4028764003607197,0.06823421834603885
random,0.3,2,0.08332713219933255,0.0,0.5913884195984218,1.2685367128810068,0.12750027353478732
latency_greedy,0.3,2,0.05276598365647012,-0.2524861246864715,0.536293951115179,0.9645489001864738,0.1941632974027668
quality_greedy,0.3,2,0.19786826822655673,0.9463010695471427,0.7408651806299836,1.6013040191565664,0.06260570665645689
reliability_greedy,0.3,2,0.1660033401951937,0.6830435489481275,0.7124207491559243,1.6539001381517142,0.050247367515216315
oracle,0.3,2,0.20436803526207392,1.0,0.7354737939344497,1.5599702514664722,0.0631146832324341
qwen_zeroshot,0.3,2,0.11314100794785246,0.24631240344485814,0.6100779597951864,1.1594752384058988,0.14909438032556438
grpo_rl,0.3,2,0.19758223537455166,0.9439379605090615,0.6849649331675598,1.2140732663837117,0.12316071787789462
random,0.4,1,-0.020248348597625632,0.0,0.594412120282597,1.2744869698788976,0.10486568092866361
latency_greedy,0.4,1,-0.07933017830565695,-0.5581355164933417,0.4487494404535776,0.9619313496143533,0.14330707891349326
quality_greedy,0.4,1,0.08560735841638256,1.0,0.7339368143443794,1.4147305759814748,0.08243722553540692
reliability_greedy,0.4,1,0.03495848631954824,0.5215291312528686,0.69057768551682,1.482919995015646,0.06245120119101329
oracle,0.4,1,0.08560735841638256,1.0,0.7339368143443794,1.4147305759814748,0.08243722553540692
qwen_zeroshot,0.4,1,-0.0660617104395269,-0.43279066508751063,0.5289251116593798,1.1913697325529322,0.11843892907773387
grpo_rl,0.4,1,0.08560735841638256,1.0,0.7339368143443794,1.4147305759814748,0.08243722553540692
random,0.4,2,-0.04352653908876815,0.0,0.5913884195984218,1.2685367128810068,0.12750027353478732
latency_greedy,0.4,2,-0.04368890636217727,-0.0013543935442756282,0.536293951115179,0.9645489001864738,0.1941632974027668
quality_greedy,0.4,2,0.03773786631090004,0.6778705076569146,0.7408651806299836,1.6013040191565664,0.06260570665645689
reliability_greedy,0.4,2,0.0006133263800221812,0.3681945725940054,0.7124207491559243,1.6539001381517142,0.050247367515216315
oracle,0.4,2,0.07635536236843157,1.0,0.6859337593045831,1.2169052376009981,0.12281630189575221
qwen_zeroshot,0.4,2,-0.0028065158927374715,0.33966781224744386,0.6100779597951864,1.1594752384058988,0.14909438032556438
grpo_rl,0.4,2,0.07635536236843157,1.0,0.6859337593045831,1.2169052376009981,0.12281630189575221
random,0.5,1,-0.14769704558551539,0.0,0.594412120282597,1.2744869698788976,0.10486568092866361
latency_greedy,0.5,1,-0.17552331326709225,-0.30154162649068605,0.4487494404535776,0.9619313496143533,0.14330707891349326
quality_greedy,0.5,1,-0.0558656991817649,0.9951378989913942,0.7339368143443794,1.4147305759814748,0.08243722553540692
reliability_greedy,0.5,1,-0.11333351318201633,0.37238323053209776,0.69057768551682,1.482919995015646,0.06245120119101329
oracle,0.5,1,-0.05541702439767331,1.0,0.7120570666794326,1.3615832266975998,0.08668247772830603
qwen_zeroshot,0.5,1,-0.18519868369482015,-0.4063895697744554,0.5289251116593798,1.1913697325529322,0.11843892907773387
grpo_rl,0.5,1,-0.06933968931922574,0.8491259024181202,0.7095957219747181,1.3627857999511672,0.09754251131836039
random,0.5,2,-0.1703802103768688,0.0,0.5913884195984218,1.2685367128810068,0.12750027353478732
latency_greedy,0.5,2,-0.14014379638082464,0.24160565199072187,0.536293951115179,0.9645489001864738,0.1941632974027668
quality_greedy,0.5,2,-0.12239253560475655,0.38344803230805596,0.7408651806299836,1.6013040191565664,0.06260570665645689
reliability_greedy,0.5,2,-0.1647766874351492,0.04477524398085876,0.7124207491559243,1.6539001381517142,0.050247367515216315
oracle,0.5,2,-0.04523241790219071,1.0,0.6849649331675598,1.2140732663837117,0.12316071787789462
qwen_zeroshot,0.5,2,-0.11875403973332732,0.41252162441448825,0.6100779597951864,1.1594752384058988,0.14909438032556438
grpo_rl,0.5,2,-0.045836487059715346,0.9951731537122649,0.684846407756006,1.215084899896336,0.12314044486755332
random,0.6,1,-0.2751457425734051,0.0,0.594412120282597,1.2744869698788976,0.10486568092866361
latency_greedy,0.6,1,-0.27171644822852764,0.04100807185527706,0.4487494404535776,0.9619313496143533,0.14330707891349326
quality_greedy,0.6,1,-0.19733875677991236,0.9304288706008006,0.7339368143443794,1.4147305759814748,0.08243722553540692
reliability_greedy,0.6,1,-0.2616255126835809,0.16167715659927795,0.69057768551682,1.482919995015646,0.06245120119101329
oracle,0.6,1,-0.19152088069304354,1.0,0.711751635843572,1.3608489436548217,0.08676315034372273
qwen_zeroshot,0.6,1,-0.3043356569501134,-0.34905784859135536,0.5289251116593798,1.1913697325529322,0.11843892907773387
grpo_rl,0.6,1,-0.19985485960186333,0.900340894783864,0.6877159743097714,1.309638450667292,0.10178776351125954
random,0.6,2,-0.2972338816649694,0.0,0.5913884195984218,1.2685367128810068,0.12750027353478732
latency_greedy,0.6,2,-0.236598686399472,0.43370235250223077,0.536293951115179,0.9645489001864738,0.1941632974027668
quality_greedy,0.6,2,-0.28252293752041313,0.10522224023666021,0.7408651806299836,1.6013040191565664,0.06260570665645689
reliability_greedy,0.6,2,-0.3301667012503206,-0.23555694454612722,0.7124207491559243,1.6539001381517142,0.050247367515216315
oracle,0.6,2,-0.15742556631767024,1.0,0.6279772816139282,1.0441900559793702,0.15888881434397628
qwen_zeroshot,0.6,2,-0.23470156357391717,0.4472718088027533,0.6100779597951864,1.1594752384058988,0.14909438032556438
grpo_rl,0.6,2,-0.16394759840208784,0.9533501847281676,0.6169698507086729,1.023842819514741,0.16661175740191603
random,0.7,1,-0.4025944395612948,0.0,0.594412120282597,1.2744869698788976,0.10486568092866361
latency_greedy,0.7,1,-0.3679095831899629,0.45639962879321416,0.4487494404535776,0.9619313496143533,0.14330707891349326
quality_greedy,0.7,1,-0.33881181437805985,0.8392817356783339,0.7339368143443794,1.4147305759814748,0.08243722553540692
reliability_greedy,0.7,1,-0.4099175121851455,-0.09636042863690995,0.69057768551682,1.482919995015646,0.06245120119101329
oracle,0.7,1,-0.3265977599341803,1.0,0.6888289379791878,1.3464263135668815,0.07292827841655103
qwen_zeroshot,0.7,1,-0.4234726302054066,-0.27472503728521763,0.5289251116593798,1.1913697325529322,0.11843892907773387
grpo_rl,0.7,1,-0.33081870466859253,0.9444588269497727,0.6877159743097714,1.309638450667292,0.10178776351125954
random,0.7,2,-0.4240875529530701,0.0,0.5913884195984218,1.2685367128810068,0.12750027353478732
latency_greedy,0.7,2,-0.3330535764181194,0.5610965476153968,0.536293951115179,0.9645489001864738,0.1941632974027668
quality_greedy,0.7,2,-0.44265333943606977,-0.11443198568148052,0.7408651806299836,1.6013040191565664,0.06260570665645689
reliability_greedy,0.7,2,-0.49555671506549215,-0.44050695848542987,0.7124207491559243,1.6539001381517142,0.050247367515216315
oracle,0.7,2,-0.2618445719156072,1.0,0.6279772816139282,1.0441900559793702,0.15888881434397628
qwen_zeroshot,0.7,2,-0.35064908741450707,0.4526449469120988,0.6100779597951864,1.1594752384058988,0.14909438032556438
grpo_rl,0.7,2,-0.26633188035356187,0.9723420488870425,0.6169698507086729,1.023842819514741,0.16661175740191603
random,0.8,1,-0.5300431365491846,0.0,0.594412120282597,1.2744869698788976,0.10486568092866361
latency_greedy,0.8,1,-0.46410271815139836,0.7508999436870648,0.4487494404535776,0.9619313496143533,0.14330707891349326
quality_greedy,0.8,1,-0.4802848719762074,0.5666248254662124,0.7339368143443794,1.4147305759814748,0.08243722553540692
reliability_greedy,0.8,1,-0.5582095116867102,-0.32074606164990305,0.69057768551682,1.482919995015646,0.06245120119101329
oracle,0.8,1,-0.44222795031544226,1.0,0.5387317076629167,1.0692413917028583,0.12556654461607228
qwen_zeroshot,0.8,1,-0.5426096034606998,-0.1431012954646178,0.5289251116593798,1.1913697325529322,0.11843892907773387
grpo_rl,0.8,1,-0.4613147494440043,0.7826480823287477,0.6859903924707316,1.306335713157329,0.10223657138887257
random,0.8,2,-0.5509412242411709,0.0,0.5913884195984218,1.2685367128810068,0.12750027353478732
latency_greedy,0.8,2,-0.42950846643676677,0.6575390143643116,0.536293951115179,0.9645489001864738,0.1941632974027668
quality_greedy,0.8,2,-0.6027837413517265,-0.28071896100677546,0.7408651806299836,1.6013040191565664,0.06260570665645689
reliability_greedy,0.8,2,-0.6609467288806636,-0.5956622611816976,0.7124207491559243,1.6539001381517142,0.050247367515216315
oracle,0.8,2,-0.3662635775135443,1.0,0.6279772816139282,1.0441900559793702,0.15888881434397628
qwen_zeroshot,0.8,2,-0.4665966112550971,0.4567126259220216,0.6100779597951864,1.1594752384058988,0.14909438032556438
grpo_rl,0.8,2,-0.3662635775135443,1.0,0.6279772816139282,1.0441900559793702,0.15888881434397628
random,0.9,1,-0.6574918335370744,0.0,0.594412120282597,1.2744869698788976,0.10486568092866361
latency_greedy,0.9,1,-0.5602958531128336,0.8720851271849813,0.4487494404535776,0.9619313496143533,0.14330707891349326
quality_greedy,0.9,1,-0.6217579295743548,0.32062031831073656,0.7339368143443794,1.4147305759814748,0.08243722553540692
reliability_greedy,0.9,1,-0.7065015111882748,-0.43973640454253204,0.69057768551682,1.482919995015646,0.06245120119101329
oracle,0.9,1,-0.5460394335426135,1.0,0.47754695629850635,0.9773103191077122,0.14400710264417904
qwen_zeroshot,0.9,1,-0.6617465767159931,-0.03817542896456404,0.5289251116593798,1.1913697325529322,0.11843892907773387
grpo_rl,0.9,1,-0.549152089485728,0.9720718805223648,0.5387317076629167,1.0692413917028583,0.12556654461607228
random,0.9,2,-0.6777948955292714,0.0,0.5913884195984218,1.2685367128810068,0.12750027353478732
latency_greedy,0.9,2,-0.5259633564554143,0.733087942968742,0.536293951115179,0.9645489001864738,0.1941632974027668
quality_greedy,0.9,2,-0.7629141432673832,-0.4109811084838256,0.7408651806299836,1.6013040191565664,0.06260570665645689
reliability_greedy,0.9,2,-0.826336742695835,-0.717204329537506,0.7124207491559243,1.6539001381517142,0.050247367515216315
oracle,0.9,2,-0.47068258311148137,1.0,0.6279772816139282,1.0441900559793702,0.15888881434397628
qwen_zeroshot,0.9,2,-0.5825441350956869,0.459899072738096,0.6100779597951864,1.1594752384058988,0.14909438032556438
grpo_rl,0.9,2,-0.47068258311148137,1.0,0.6279772816139282,1.0441900559793702,0.15888881434397628
random,1.0,1,-0.7849405305249642,0.0,0.594412120282597,1.2744869698788976,0.10486568092866361
latency_greedy,1.0,1,-0.6564889880742689,0.9099063770039676,0.4487494404535776,0.9619313496143533,0.14330707891349326
quality_greedy,1.0,1,-0.7632309871725023,0.15378290958110838,0.7339368143443794,1.4147305759814748,0.08243722553540692
reliability_greedy,1.0,1,-0.8547935106898392,-0.49481439375590364,0.69057768551682,1.482919995015646,0.06245120119101329
oracle,1.0,1,-0.6437704654533847,1.0,0.47754695629850635,0.9773103191077122,0.14400710264417904
qwen_zeroshot,1.0,1,-0.7808835499712863,0.02873824951218093,0.5289251116593798,1.1913697325529322,0.11843892907773387
grpo_rl,1.0,1,-0.6437704654533847,1.0,0.47754695629850635,0.9773103191077122,0.14400710264417904
random,1.0,2,-0.8046485668173722,0.0,0.5913884195984218,1.2685367128810068,0.12750027353478732
latency_greedy,1.0,2,-0.6224182464740615,0.7883167188385519,0.536293951115179,0.9645489001864738,0.1941632974027668
quality_greedy,1.0,2,-0.9230445451830398,-0.5121734353156416,0.7408651806299836,1.6013040191565664,0.06260570665645689
reliability_greedy,1.0,2,-0.9917267565110065,-0.8092882918040462,0.7124207491559243,1.6539001381517142,0.050247367515216315
oracle,1.0,2,-0.5734847262079843,1.0,0.6169698507086729,1.023842819514741,0.16661175740191603
qwen_zeroshot,1.0,2,-0.6984916589362768,0.4592279986404766,0.6100779597951864,1.1594752384058988,0.14909438032556438
grpo_rl,1.0,2,-0.5751015887094184,0.9930055561580402,0.6279772816139282,1.0441900559793702,0.15888881434397628
